{
  "themeName": "ColorsTheme",
  "_primary": {
    "r": 0.13333334028720856,
    "g": 0.7568627595901489,
    "b": 0.9215686321258545,
    "a": 1,
    "hsvHue": 0.5348333120346069,
    "hsvSaturation": 0.8553139567375183,
    "hsvValue": 0.9215686321258545,
    "hslHue": 0.5348333120346069,
    "hslSaturation": 0.8340276479721069,
    "hslLightness": 0.5274586081504822,
    "valid": true
  },
  "_secondary": {
    "r": 0.9921568632125854,
    "g": 0.007843137718737125,
    "b": 1,
    "a": 1,
    "hsvHue": 0.832027792930603,
    "hsvSaturation": 0.9921568632125854,
    "hsvValue": 1,
    "hslHue": 0.832027792930603,
    "hslSaturation": 1,
    "hslLightness": 0.5039291977882385,
    "valid": true
  },
  "_onPrimary": {
    "r": 1,
    "g": 1,
    "b": 1,
    "a": 1,
    "hsvHue": -1,
    "hsvSaturation": 0,
    "hsvValue": 1,
    "hslHue": -1,
    "hslSaturation": 0,
    "hslLightness": 1,
    "valid": true
  },
  "_onSecondary": {
    "r": 1,
    "g": 1,
    "b": 1,
    "a": 1,
    "hsvHue": -1,
    "hsvSaturation": 0,
    "hsvValue": 1,
    "hslHue": -1,
    "hslSaturation": 0,
    "hslLightness": 1,
    "valid": true
  },
  "_topbarColor": {
    "r": 0.239215686917305,
    "g": 0.239215686917305,
    "b": 0.24313725531101227,
    "a": 1,
    "hsvHue": 0.6666666865348816,
    "hsvSaturation": 0.0161287859082222,
    "hsvValue": 0.24313725531101227,
    "hslHue": 0.6666666865348816,
    "hslSaturation": 0.008133058436214924,
    "hslLightness": 0.24118410050868988,
    "valid": true
  },
  "_topbarFgColor": {
    "r": 1,
    "g": 1,
    "b": 1,
    "a": 1,
    "hsvHue": -1,
    "hsvSaturation": 0,
    "hsvValue": 1,
    "hslHue": -1,
    "hslSaturation": 0,
    "hslLightness": 1,
    "valid": true
  },
  "_topbarBgColorV1": {
    "r": 0.35883116722106934,
    "g": 0.35883116722106934,
    "b": 0.364705890417099,
    "a": 1,
    "hsvHue": 0.6666666865348816,
    "hsvSaturation": 0.0161135271191597,
    "hsvValue": 0.364705890417099,
    "hslHue": 0.6666666865348816,
    "hslSaturation": 0.008117799647152424,
    "hslLightness": 0.3617761433124542,
    "valid": true
  },
  "_topbarBgColorV2": {
    "r": 0.8549019694328308,
    "g": 0.2666666805744171,
    "b": 0.32549020648002625,
    "a": 1,
    "hsvHue": 0.9833333492279053,
    "hsvSaturation": 0.688075065612793,
    "hsvValue": 0.8549019694328308,
    "hslHue": 0.9833333492279053,
    "hslSaturation": 0.6696421504020691,
    "hslLightness": 0.5607843399047852,
    "valid": true
  },
  "_topbarBgColorV3": {
    "r": 0.9647058844566345,
    "g": 0.45490196347236633,
    "b": 0,
    "a": 1,
    "hsvHue": 0.07858332991600037,
    "hsvSaturation": 1,
    "hsvValue": 0.9647058844566345,
    "hslHue": 0.07858332991600037,
    "hslSaturation": 1,
    "hslLightness": 0.48235294222831726,
    "valid": true
  },
  "_topbarFgColorV1": {
    "r": 1,
    "g": 1,
    "b": 1,
    "a": 1,
    "hsvHue": -1,
    "hsvSaturation": 0,
    "hsvValue": 1,
    "hslHue": -1,
    "hslSaturation": 0,
    "hslLightness": 1,
    "valid": true
  },
  "_topbarFgColorV2": {
    "r": 1,
    "g": 1,
    "b": 1,
    "a": 1,
    "hsvHue": -1,
    "hsvSaturation": 0,
    "hsvValue": 1,
    "hslHue": -1,
    "hslSaturation": 0,
    "hslLightness": 1,
    "valid": true
  },
  "_topbarFgColorV3": {
    "r": 1,
    "g": 1,
    "b": 1,
    "a": 1,
    "hsvHue": -1,
    "hsvSaturation": 0,
    "hsvValue": 1,
    "hslHue": -1,
    "hslSaturation": 0,
    "hslLightness": 1,
    "valid": true
  },
  "_leftMenuBgColorV1": {
    "r": 0.239215686917305,
    "g": 0.239215686917305,
    "b": 0.24313725531101227,
    "a": 1,
    "hsvHue": 0.6666666865348816,
    "hsvSaturation": 0.0161287859082222,
    "hsvValue": 0.24313725531101227,
    "hslHue": 0.6666666865348816,
    "hslSaturation": 0.008133058436214924,
    "hslLightness": 0.24118410050868988,
    "valid": true
  },
  "_leftMenuBgColorV2": {
    "r": 0.35883116722106934,
    "g": 0.35883116722106934,
    "b": 0.364705890417099,
    "a": 1,
    "hsvHue": 0.6666666865348816,
    "hsvSaturation": 0.0161135271191597,
    "hsvValue": 0.364705890417099,
    "hslHue": 0.6666666865348816,
    "hslSaturation": 0.008117799647152424,
    "hslLightness": 0.3617761433124542,
    "valid": true
  },
  "_leftMenuBgColorV3": {
    "r": 0.45098039507865906,
    "g": 0.45098039507865906,
    "b": 0.45098039507865906,
    "a": 0.6000000238418579,
    "hsvHue": -1,
    "hsvSaturation": 0,
    "hsvValue": 0.45098039507865906,
    "hslHue": -1,
    "hslSaturation": 0,
    "hslLightness": 0.45098039507865906,
    "valid": true
  },
  "_leftMenuFgColorV1": {
    "r": 1,
    "g": 1,
    "b": 1,
    "a": 1,
    "hsvHue": -1,
    "hsvSaturation": 0,
    "hsvValue": 1,
    "hslHue": -1,
    "hslSaturation": 0,
    "hslLightness": 1,
    "valid": true
  },
  "_leftMenuFgColorV2": {
    "r": 1,
    "g": 1,
    "b": 1,
    "a": 1,
    "hsvHue": -1,
    "hsvSaturation": 0,
    "hsvValue": 1,
    "hslHue": -1,
    "hslSaturation": 0,
    "hslLightness": 1,
    "valid": true
  },
  "_leftMenuFgColorV3": {
    "r": 1,
    "g": 1,
    "b": 1,
    "a": 1,
    "hsvHue": -1,
    "hsvSaturation": 0,
    "hsvValue": 1,
    "hslHue": -1,
    "hslSaturation": 0,
    "hslLightness": 1,
    "valid": true
  },
  "_subtleTextColor": {
    "r": 1,
    "g": 1,
    "b": 1,
    "a": 0.6000000238418579,
    "hsvHue": -1,
    "hsvSaturation": 0,
    "hsvValue": 1,
    "hslHue": -1,
    "hslSaturation": 0,
    "hslLightness": 1,
    "valid": true
  },
  "_volOsdBgColor": {
    "r": 0.35883116722106934,
    "g": 0.35883116722106934,
    "b": 0.364705890417099,
    "a": 1,
    "hsvHue": 0.6666666865348816,
    "hsvSaturation": 0.0161135271191597,
    "hsvValue": 0.364705890417099,
    "hslHue": 0.6666666865348816,
    "hslSaturation": 0.008117799647152424,
    "hslLightness": 0.3617761433124542,
    "valid": true
  },
  "_volOsdFgColor": {
    "r": 1,
    "g": 1,
    "b": 1,
    "a": 1,
    "hsvHue": -1,
    "hsvSaturation": 0,
    "hsvValue": 1,
    "hslHue": -1,
    "hslSaturation": 0,
    "hslLightness": 1,
    "valid": true
  },
  "_baseRadius": 12,
  "_barHeight": 30,
  "_barBottomMargin": 10,
  "_barWidgetsHeight": 22,
  "_menuHeight": 900,
  "_menuWidth": 380,
  "_menuWidgetsMargin": 15,
  "_elementRadius": 12,
  "_spacingSmall": 4,
  "_spacingMedium": 8,
  "_spacingLarge": 12,
  "_iconFont": "FantasqueSansM Nerd Font Propo",
  "_bodyFont": "JF Flat",
  "_baseFontSize": 12,
  "_heading1Size": 22,
  "_heading2Size": 20,
  "_heading3Size": 18,
  "_heading4Size": 16,
  "_mediumFontSize": 14,
  "_smallFontSize": 12,
  "_hyprBorderWidth": 3,
  "_hyprActiveBorder": "rgba(EB08FBff) rgba(16D7BAff) 0deg",
  "_hyprInactiveBorder": "rgba(59595900) 0deg",
  "_hyprRounding": 12,
  "_hyprDropShadow": "no",
  "_hyprGapsIn": 5,
  "_hyprGapsOut": "10, 10, 10, 52",
  "_hyprLayout": "dwindle",
  "_hyprAnimationsEnabled": true,
  "_hyprBezier": "decel, 0.05, 0.7, 0.1, 1",
  "_hyprAnimWindows": "1, 5, decel, slidefade 18%",
  "_hyprAnimWorkspaces": "1, 3, md_standard, slidefade 8%",
  "_hyprBlurEnabled": true,
  "_hyprBlurSize": 4,
  "_hyprBlurPasses": 2,
  "_hyprDimInactive": true,
  "_hyprDimStrength": 0,
  "_hyprShadowRange": 30,
  "_hyprShadowOffset": {
    "x": 0,
    "y": 0
  },
  "_hyprShadowColor": {
    "r": 0,
    "g": 0,
    "b": 0.2666666805744171,
    "a": 0,
    "hsvHue": 0.6666666865348816,
    "hsvSaturation": 1,
    "hsvValue": 0.2666666805744171,
    "hslHue": 0.6666666865348816,
    "hslSaturation": 1,
    "hslLightness": 0.13333334028720856,
    "valid": true
  },
  "_desktopClockLocal": "en_US",
  "_desktopClockFont": "JF Flat",
  "_desktopClockEnabled": true,
  "_desktopClockColor": {
    "r": 0.13333334028720856,
    "g": 0.7568627595901489,
    "b": 0.9215686321258545,
    "a": 1,
    "hsvHue": 0.5348333120346069,
    "hsvSaturation": 0.8553139567375183,
    "hsvValue": 0.9215686321258545,
    "hslHue": 0.5348333120346069,
    "hslSaturation": 0.8340276479721069,
    "hslLightness": 0.5274586081504822,
    "valid": true
  },